,Index,Date,Series,Ground,result,Target_set_by_first_Batting_team
0,1,13/07/1974,1974 Prudential Trophy (v. England),Headingley,England won by 4 wickets,265
1,2,15/07/1974,1974 Prudential Trophy (v. England),Kennington Oval,England won by 6 wickets,171
2,3,07/06/1975,1975 Prudential World Cup (v. England),Lord's,England won by 202 runs,334
3,4,11/06/1975,1975 Prudential World Cup (v. East Africa),Headingley,India won by 10 wickets,120
4,5,14/06/1975,1975 Prudential World Cup (v. New Zealand),Old Trafford,New Zealand won by 4 wickets,230
5,6,21/02/1976,1975-1976 New Zealand v. India,AMI Stadium,New Zealand won by 9 wickets,154
6,7,22/02/1976,1975-1976 New Zealand v. India,Eden Park,New Zealand won by 80 runs,236
7,8,01/10/1978,1978-1979 Pakistan v. India,Ayub National Stadium,India won by 4 runs,170
8,9,13/10/1978,1978-1979 Pakistan v. India,Jinnah Stadium (Sialkot),Pakistan won by 8 wickets,79
9,10,03/11/1978,1978-1979 Pakistan v. India,Zafar Ali (Sahiwal) Stadium,Pakistan won (conceded by india),205
10,11,09/06/1979,1979 Prudential World Cup (v. West Indies),Edgbaston,West Indies won by 9 wickets,190
11,12,13/06/1979,1979 Prudential World Cup (v. New Zealand),Headingley,New Zealand won by 8 wickets,182
12,13,16/06/1979,1979 Prudential World Cup (v. Sri Lanka),Old Trafford,Sri Lanka won by 47 runs,238
13,14,06/12/1980,1980-1981 Benson & Hedges World Series Cup (v. Australia),Melbourne Cricket Ground,India won by 66 runs,208
14,15,09/12/1980,1980-1981 Benson & Hedges World Series Cup (v. New Zealand),WACA Ground,India won by 5 runs,162
15,16,18/12/1980,1980-1981 Benson & Hedges World Series Cup (v. Australia),Sydney Cricket Ground,Australia won by 9 wickets,180
16,17,21/12/1980,1980-1981 Benson & Hedges World Series Cup (v. New Zealand),Brisbane Cricket Ground,New Zealand won by 3 wickets,204
17,18,23/12/1980,1980-1981 Benson & Hedges World Series Cup (v. New Zealand),Adelaide Oval,India won by 6 runs,230
18,19,08/01/1981,1980-1981 Benson & Hedges World Series Cup (v. Australia),Sydney Cricket Ground,Australia won by 9 wickets,63
19,20,10/01/1981,1980-1981 Benson & Hedges World Series Cup (v. New Zealand),Melbourne Cricket Ground,New Zealand won by 10 wickets,112
20,21,11/01/1981,1980-1981 Benson & Hedges World Series Cup (v. Australia),Melbourne Cricket Ground,Australia won by 7 wickets,192
21,22,15/01/1981,1980-1981 Benson & Hedges World Series Cup (v. Australia),Sydney Cricket Ground,Australia won by 27 runs,242
22,23,18/01/1981,1980-1981 Benson & Hedges World Series Cup (v. New Zealand),Brisbane Cricket Ground,New Zealand won by 22 runs,242
23,24,14/02/1981,1980-1981 New Zealand v. India,Eden Park,New Zealand won by 78 runs,218
24,25,15/02/1981,1980-1981 New Zealand v. India,Seddon Park,New Zealand won by 57 runs,210
25,26,25/11/1981,1981-1982 India v. England,Sardar Vallabhai Patel Stadium,England won by 5 wickets,156
26,27,20/12/1981,1981-1982 India v. England,Gandhi Stadium,India won by 6 wickets,161
27,28,27/01/1982,1981-1982 India v. England,Barabati Stadium,India won by 5 wickets,230
28,29,02/06/1982,1982 Prudential Trophy (v. England),Headingley,England won by 9 wickets,193
29,30,04/06/1982,1982 Prudential Trophy (v. England),Kennington Oval,England won by 114 runs,276
30,31,12/09/1982,1982-1983 India v. Sri Lanka,Gandhi Sports Complex Ground,India won by 78 runs,269
31,32,15/09/1982,1982-1983 India v. Sri Lanka,Arun Jaitley Stadium,India won by 6 wickets,277
32,33,26/09/1982,1982-1983 India v. Sri Lanka,M Chinnaswamy Stadium,India won by 6 wickets,233
33,34,03/12/1982,1982-1983 Pakistan v. India,Jinnah Stadium (Gujwranwala),Pakistan won by 14 runs,224
34,35,17/12/1982,1982-1983 Pakistan v. India,Ibn-e-Qasim Bagh Stadium,Pakistan won by 37 runs,263
35,36,31/12/1982,1982-1983 Pakistan v. India,Gaddafi Stadium,India won by 18 runs,252
36,37,21/01/1983,1982-1983 Pakistan v. India,National Stadium (Karachi),Pakistan won by 8 wickets,197
37,38,09/03/1983,1982-1983 West Indies v. India,Queen's Park Oval,West Indies won by 52 runs,215
38,39,29/03/1983,1982-1983 West Indies v. India,Albion Sports Complex,India won by 27 runs,282
39,40,07/04/1983,1982-1983 West Indies v. India,Queen's Park (Old),West Indies won by 7 wickets,166
40,41,09/06/1983,1983 Prudential World Cup (v. West Indies),Old Trafford,India won by 34 runs,262
41,42,11/06/1983,1983 Prudential World Cup (v. Zimbabwe),Grace Road,India won by 5 wickets,155
42,43,13/06/1983,1983 Prudential World Cup (v. Australia),Trent Bridge,Australia won by 162 runs,320
43,44,15/06/1983,1983 Prudential World Cup (v. West Indies),Kennington Oval,West Indies won by 66 runs,282
44,45,18/06/1983,1983 Prudential World Cup (v. Zimbabwe),Nevill Ground,India won by 31 runs,266
45,46,20/06/1983,1983 Prudential World Cup (v. Australia),County Ground (Chelmsford),India won by 118 runs,247
46,47,22/06/1983,1983 Prudential World Cup (v. England),Old Trafford,India won by 6 wickets,213
47,48,25/06/1983,1983 Prudential World Cup (v. West Indies),Lord's,India won by 43 runs,183
48,49,10/09/1983,1983-1984 India v. Pakistan,Lal Bahadur Shastri Stadium,India won by 4 wickets,151
49,50,02/10/1983,1983-1984 India v. Pakistan,Sawai Mansingh Stadium,India won by 4 wickets,166
50,51,13/10/1983,1983-1984 India v. West Indies,Sher-I-Kashmir Stadium,West Indies won by 28 runs,176
51,52,09/11/1983,1983-1984 India v. West Indies,Moti Bagh Stadium,West Indies won by 4 wickets,214
52,53,01/12/1983,1983-1984 India v. West Indies,Nehru Stadium (Indore),West Indies won by 8 wickets,240
53,54,07/12/1983,1983-1984 India v. West Indies,Keenan Stadium,West Indies won by 104 runs,333
54,55,17/12/1983,1983-1984 India v. West Indies,Nehru Stadium (Guwahati),West Indies won by 6 wickets,178
55,56,08/04/1984,1983-1984 Rothmans Asia Cup (v. Sri Lanka),Sharjah Cricket Stadium,India won by 10 wickets,96
56,57,13/04/1984,1983-1984 Rothmans Asia Cup (v. Pakistan),Sharjah Cricket Stadium,India won by 54 runs,188
57,58,28/09/1984,1984-1985 India v. Australia,Jawaharlal Nehru Stadium (Delhi),Australia won by 48 runs,220
58,59,01/10/1984,1984-1985 India v. Australia,University Stadium,No Result,175
59,60,03/10/1984,1984-1985 India v. Australia,Keenan Stadium,No Result,21
60,61,05/10/1984,1984-1985 India v. Australia,Narendra Modi Stadium,Australia won by 7 wickets,206
61,62,06/10/1984,1984-1985 India v. Australia,Nehru Stadium (Indore),Australia won by 6 wickets,235
62,63,12/10/1984,1984-1985 Pakistan v. India,Ayub National Stadium,Pakistan won by 46 runs,199
63,64,31/10/1984,1984-1985 Pakistan v. India,Jinnah Stadium (Sialkot),No Result,210
64,65,05/12/1984,1984-1985 India v. England,Nehru Stadium (Pune),England won by 4 wickets,214
65,66,27/12/1984,1984-1985 India v. England,Barabati Stadium,England won by 4 runs,252
66,67,20/01/1985,1984-1985 India v. England,M Chinnaswamy Stadium,England won by 3 wickets,205
67,68,23/01/1985,1984-1985 India v. England,Vidarbha Cricket Association Ground,India won by 3 wickets,240
68,69,27/01/1985,1984-1985 India v. England,Sector 16 Stadium,England won by 7 runs,121
69,70,20/02/1985,1984-1985 Benson & Hedges World Championship (v. Pakistan),Melbourne Cricket Ground,India won by 6 wickets,183
70,71,26/02/1985,1984-1985 Benson & Hedges World Championship (v. England),Sydney Cricket Ground,India won by 86 runs,235
71,72,03/03/1985,1984-1985 Benson & Hedges World Championship (v. Australia),Melbourne Cricket Ground,India won by 8 wickets,163
72,73,05/03/1985,1984-1985 Benson & Hedges World Championship (v. New Zealand),Sydney Cricket Ground,India won by 7 wickets,206
73,74,10/03/1985,1984-1985 Benson & Hedges World Championship (v. Pakistan),Melbourne Cricket Ground,India won by 8 wickets,176
74,75,22/03/1985,1984-1985 Rothmans Four-Nations Cup (v. Pakistan),Sharjah Cricket Stadium,India won by 38 runs,125
75,76,29/03/1985,1984-1985 Rothmans Four-Nations Cup (v. Australia),Sharjah Cricket Stadium,India won by 3 wickets,139
76,77,25/08/1985,1985-1986 Sri Lanka v. India,Sinhalese Sports Club Ground,India won by 2 wickets,241
77,78,21/09/1985,1985-1986 Sri Lanka v. India,P Sara Oval,Sri Lanka won by 14 runs,171
78,79,22/09/1985,1985-1986 Sri Lanka v. India,P Sara Oval,No Result,194
79,80,17/11/1985,1985-1986 Rothmans Sharjah Cup (v. Pakistan),Sharjah Cricket Stadium,Pakistan won by 48 runs,203
80,81,22/11/1985,1985-1986 Rothmans Sharjah Cup (v. West Indies),Sharjah Cricket Stadium,West Indies won by 8 wickets,180
81,82,11/01/1986,1985-1986 Benson & Hedges World Series Cup (v. New Zealand),Brisbane Cricket Ground,India won by 5 wickets,259
82,83,12/01/1986,1985-1986 Benson & Hedges World Series Cup (v. Australia),Brisbane Cricket Ground,Australia won by 4 wickets,161
83,84,16/01/1986,1985-1986 Benson & Hedges World Series Cup (v. Australia),Melbourne Cricket Ground,India won by 8 wickets,161
84,85,18/01/1986,1985-1986 Benson & Hedges World Series Cup (v. New Zealand),WACA Ground,New Zealand won by 3 wickets,113
85,86,21/01/1986,1985-1986 Benson & Hedges World Series Cup (v. Australia),Sydney Cricket Ground,Australia won by 100 runs,292
86,87,23/01/1986,1985-1986 Benson & Hedges World Series Cup (v. New Zealand),Melbourne Cricket Ground,New Zealand won by 5 wickets,238
87,88,25/01/1986,1985-1986 Benson & Hedges World Series Cup (v. New Zealand),Adelaide Oval,India won by 5 wickets,172
88,89,26/01/1986,1985-1986 Benson & Hedges World Series Cup (v. Australia),Adelaide Oval,Australia won by 36 runs,262
89,90,31/01/1986,1985-1986 Benson & Hedges World Series Cup (v. Australia),Melbourne Cricket Ground,India won by 6 wickets,235
90,91,02/02/1986,1985-1986 Benson & Hedges World Series Cup (v. New Zealand),North Tasmania Cricket Association Ground,India won by 22 runs,202
91,92,05/02/1986,1985-1986 Benson & Hedges World Series Cup (v. Australia),Sydney Cricket Ground,Australia won by 11 runs,170
92,93,09/02/1986,1985-1986 Benson & Hedges World Series Cup (v. Australia),Melbourne Cricket Ground,Australia won by 7 wickets,187
93,94,10/04/1986,1985-1986 Austral-Asia Cup (v. New Zealand),Sharjah Cricket Stadium,India won by 3 wickets,132
94,95,13/04/1986,1985-1986 Austral-Asia Cup (v. Sri Lanka),Sharjah Cricket Stadium,India won by 3 wickets,205
95,96,18/04/1986,1985-1986 Austral-Asia Cup (v. Pakistan),Sharjah Cricket Stadium,Pakistan won by 1 wicket,245
96,97,24/05/1986,1986 Texaco Trophy (v. England),Kennington Oval,India won by 9 wickets,162
97,98,26/05/1986,1986 Texaco Trophy (v. England),Old Trafford,England won by 5 wickets,254
98,99,07/09/1986,1986-1987 India v. Australia,Sawai Mansingh Stadium,India won by 7 wickets,250
99,100,09/09/1986,1986-1987 India v. Australia,Sher-I-Kashmir Stadium,Australia won by 3 wickets,222
100,101,24/09/1986,1986-1987 India v. Australia,Lal Bahadur Shastri Stadium,No Result,242
101,102,02/10/1986,1986-1987 India v. Australia,Arun Jaitley Stadium,India won by 3 wickets,238
102,103,05/10/1986,1986-1987 India v. Australia,Narendra Modi Stadium,India won by 52 runs,193
103,104,07/10/1986,1986-1987 India v. Australia,Madhavrao Scindia Cricket Ground,Australia won by 7 wickets,260
104,105,27/11/1986,1986-1987 Champions Trophy (v. Sri Lanka),Sharjah Cricket Stadium,India won by 7 wickets,214
105,106,30/11/1986,1986-1987 Champions Trophy (v. West Indies),Sharjah Cricket Stadium,West Indies won by 33 runs,198
106,107,05/12/1986,1986-1987 Champions Trophy (v. Pakistan),Sharjah Cricket Stadium,Pakistan won by 3 wickets,144
107,108,24/12/1986,1986-1987 India v. Sri Lanka,Green Park,Sri Lanka won by 117 runs,195
108,109,11/01/1987,1986-1987 India v. Sri Lanka,Nehru Stadium (Guwahati),India won by 8 wickets,145
109,110,13/01/1987,1986-1987 India v. Sri Lanka,Arun Jaitley Stadium,India won by 6 wickets,208
110,111,15/01/1987,1986-1987 India v. Sri Lanka,Moti Bagh Stadium,India won by 94 runs,235
111,112,17/01/1987,1986-1987 India v. Sri Lanka,Wankhede Stadium,India won by 10 runs,299
112,113,27/01/1987,1986-1987 India v. Pakistan,Nehru Stadium (Indore),Pakistan won by 3 wickets,196
113,114,18/02/1987,1986-1987 India v. Pakistan,Eden Gardens,Pakistan won by 2 wickets,238
114,115,20/03/1987,1986-1987 India v. Pakistan,Lal Bahadur Shastri Stadium,India won by losing less wickets,212
115,116,22/03/1987,1986-1987 India v. Pakistan,Nehru Stadium (Pune),Pakistan won by 6 wickets,120
116,117,24/03/1987,1986-1987 India v. Pakistan,Vidarbha Cricket Association Ground,Pakistan won by 41 runs,286
117,118,26/03/1987,1986-1987 India v. Pakistan,Keenan Stadium,Pakistan won by 5 wickets,265
118,119,02/04/1987,1986-1987 Sharjah Cup (v. England),Sharjah Cricket Stadium,India won by 3 wickets,211
119,120,05/04/1987,1986-1987 Sharjah Cup (v. Australia),Sharjah Cricket Stadium,India won by 7 wickets,176
120,121,10/04/1987,1986-1987 Sharjah Cup (v. Pakistan),Sharjah Cricket Stadium,Pakistan won by 8 wickets,183
121,122,09/10/1987,1987-1988 Reliance World Cup (v. Australia),MA Chidambaram Stadium,Australia won by 1 run,270
122,123,14/10/1987,1987-1988 Reliance World Cup (v. New Zealand),M Chinnaswamy Stadium,India won by 16 runs,252
123,124,17/10/1987,1987-1988 Reliance World Cup (v. Zimbabwe),Wankhede Stadium,India won by 8 wickets,135
124,125,22/10/1987,1987-1988 Reliance World Cup (v. Australia),Arun Jaitley Stadium,India won by 56 runs,289
125,126,26/10/1987,1987-1988 Reliance World Cup (v. Zimbabwe),Narendra Modi Stadium,India won by 7 wickets,191
126,127,31/10/1987,1987-1988 Reliance World Cup (v. New Zealand),Vidarbha Cricket Association Ground,India won by 9 wickets,221
127,128,05/11/1987,1987-1988 Reliance World Cup (v. England),Wankhede Stadium,England won by 35 runs,254
128,129,08/12/1987,1987-1988 India v. West Indies,Vidarbha Cricket Association Ground,West Indies won by 10 runs,203
129,130,23/12/1987,1987-1988 India v. West Indies,Nehru Stadium (Guwahati),West Indies won by 52 runs,187
130,131,02/01/1988,1987-1988 India v. West Indies,Eden Gardens,India won by 56 runs,222
131,132,05/01/1988,1987-1988 India v. West Indies,Madhavrao Scindia Cricket Ground,West Indies won by 6 wickets,221
132,133,19/01/1988,1987-1988 India v. West Indies,Nahar Singh Stadium,West Indies won by 4 wickets,230
133,134,22/01/1988,1987-1988 India v. West Indies,Captain Roop Singh Stadium,West Indies won by 73 runs,278
134,135,25/01/1988,1987-1988 India v. West Indies,University Stadium,West Indies won by 9 wickets,239
135,136,07/01/1988,1987-1988 Indian Board Benevolent Fund Match (v. West Indies),Narendra Modi Stadium,West Indies won by 2 runs,196
136,137,25/03/1988,1987-1988 Sharjah Cup (v. Sri Lanka),Sharjah Cricket Stadium,India won by 18 runs,219
137,138,27/03/1988,1987-1988 Sharjah Cup (v. New Zealand),Sharjah Cricket Stadium,India won by 73 runs,267
138,139,01/04/1988,1987-1988 Sharjah Cup (v. New Zealand),Sharjah Cricket Stadium,India won by 52 runs,250
139,140,16/10/1988,1988-1989 Champions Trophy (v. West Indies),Sharjah Cricket Stadium,India won by 23 runs,238
140,141,19/10/1988,1988-1989 Champions Trophy (v. Pakistan),Sharjah Cricket Stadium,Pakistan won by 34 runs,246
141,142,21/10/1988,1988-1989 Champions Trophy (v. West Indies),Sharjah Cricket Stadium,West Indies won by 8 wickets,169
142,143,27/10/1988,1988-1989 Wills Asia Cup (v. Bangladesh),MA Aziz Stadium,India won by 9 wickets,99
143,144,29/10/1988,1988-1989 Wills Asia Cup (v. Sri Lanka),Bangabandhu National Stadium,Sri Lanka won by 17 runs,271
144,145,31/10/1988,1988-1989 Wills Asia Cup (v. Pakistan),Bangabandhu National Stadium,India won by 4 wickets,142
145,146,04/11/1988,1988-1989 Wills Asia Cup (v. Sri Lanka),Bangabandhu National Stadium,India won by 6 wickets,176
146,147,10/12/1988,1988-1989 India v. New Zealand,Indira Priyadarshini Stadium,India won by 4 wickets,196
147,148,12/12/1988,1988-1989 India v. New Zealand,Barabati Stadium,India won by 5 wickets,160
148,149,15/12/1988,1988-1989 India v. New Zealand,Nehru Stadium (Indore),India won by 53 runs,222
149,150,17/12/1988,1988-1989 India v. New Zealand,Moti Bagh Stadium,India won by 2 wickets,278
150,151,07/03/1989,1988-1989 West Indies v. India,Kensington Oval,West Indies won by 50 runs,248
151,152,09/03/1989,1988-1989 West Indies v. India,Queen's Park Oval,West Indies won by 6 wickets,148
152,153,11/03/1989,1988-1989 West Indies v. India,Queen's Park Oval,West Indies won by 6 wickets,192
153,154,18/03/1989,1988-1989 West Indies v. India,Antigua Recreation Ground,West Indies won by 8 wickets,237
154,155,21/03/1989,1988-1989 West Indies v. India,Bourda,West Indies won by 101 runs,289
155,156,13/10/1989,1989-1990 Champions Trophy (v. West Indies),Sharjah Cricket Stadium,West Indies won by 5 wickets,169
156,157,15/10/1989,1989-1990 Champions Trophy (v. Pakistan),Sharjah Cricket Stadium,Pakistan won by 6 wickets,273
157,158,16/10/1989,1989-1990 Champions Trophy (v. West Indies),Sharjah Cricket Stadium,India won by 37 runs,211
158,159,20/10/1989,1989-1990 Champions Trophy (v. Pakistan),Sharjah Cricket Stadium,Pakistan won by 38 runs,252
159,160,22/10/1989,1989-1990 MRF World Series (Nehru) Cup (v. Sri Lanka),Narendra Modi Stadium,India won by 6 runs,227
160,161,23/10/1989,1989-1990 MRF World Series (Nehru) Cup (v. West Indies),Arun Jaitley Stadium,West Indies won by 20 runs,196
161,162,25/10/1989,1989-1990 MRF World Series (Nehru) Cup (v. England),Green Park,India won by 6 wickets,255
162,163,27/10/1989,1989-1990 MRF World Series (Nehru) Cup (v. Australia),M Chinnaswamy Stadium,India won by 3 wickets,247
163,164,28/10/1989,1989-1990 MRF World Series (Nehru) Cup (v. Pakistan),Eden Gardens,Pakistan won by 77 runs,279
164,165,30/10/1989,1989-1990 MRF World Series (Nehru) Cup (v. West Indies),Wankhede Stadium,West Indies won by 8 wickets,165
165,166,18/12/1989,1989-1990 Pakistan v. India,Jinnah Stadium (Gujwranwala),Pakistan won by 7 runs,87
166,167,20/12/1989,1989-1990 Pakistan v. India,National Stadium (Karachi),No Result,28
167,168,22/12/1989,1989-1990 Pakistan v. India,Gaddafi Stadium,Pakistan won by 38 runs,150
168,169,01/03/1990,1989-1990 Rothmans Cup Triangular Series (v. New Zealand),Carisbrook,New Zealand won by 108 runs,246
169,170,03/03/1990,1989-1990 Rothmans Cup Triangular Series (v. Australia),AMI Stadium,Australia won by 18 runs,187
170,171,06/03/1990,1989-1990 Rothmans Cup Triangular Series (v. New Zealand),Basin Reserve,India won by 1 run,221
171,172,08/03/1990,1989-1990 Rothmans Cup Triangular Series (v. Australia),Seddon Park,Australia won by 7 wickets,211
172,173,25/04/1990,1989-1990 Austral-Asia Cup (v. Sri Lanka),Sharjah Cricket Stadium,Sri Lanka won by 3 wickets,241
173,174,27/04/1990,1989-1990 Austral-Asia Cup (v. Pakistan),Sharjah Cricket Stadium,Pakistan won by 26 runs,235
174,175,18/07/1990,1990 Texaco Trophy (v. England),Headingley,India won by 6 wickets,229
175,176,20/07/1990,1990 Texaco Trophy (v. England),Trent Bridge,India won by 5 wickets,281
176,177,01/12/1990,1990-1991 India v. Sri Lanka,Vidarbha Cricket Association Ground,India won by 19 runs,245
177,178,05/12/1990,1990-1991 India v. Sri Lanka,Nehru Stadium (Pune),India won by 6 wickets,227
178,179,08/12/1990,1990-1991 India v. Sri Lanka,Nehru Stadium (Margao),Sri Lanka won by 7 wickets,136
179,180,25/12/1990,1990-1991 Asia Cup (v. Bangladesh),Sector 16 Stadium,India won by 9 wickets,170
180,181,28/12/1990,1990-1991 Asia Cup (v. Sri Lanka),Barabati Stadium,Sri Lanka won by 36 runs,214
181,182,04/01/1991,1990-1991 Asia Cup (v. Sri Lanka),Eden Gardens,India won by 7 wickets,204
182,183,18/10/1991,1991-1992 Wills Trophy (v. Pakistan),Sharjah Cricket Stadium,India won by 60 runs,238
183,184,19/10/1991,1991-1992 Wills Trophy (v. West Indies),Sharjah Cricket Stadium,India won by 19 runs,240
184,185,22/10/1991,1991-1992 Wills Trophy (v. West Indies),Sharjah Cricket Stadium,India won by 7 wickets,145
185,186,23/10/1991,1991-1992 Wills Trophy (v. Pakistan),Sharjah Cricket Stadium,Pakistan won by 4 runs,257
186,187,25/10/1991,1991-1992 Wills Trophy (v. Pakistan),Sharjah Cricket Stadium,Pakistan won by 72 runs,262
187,188,10/11/1991,1991-1992 India v. South Africa,Eden Gardens,India won by 3 wickets,177
188,189,12/11/1991,1991-1992 India v. South Africa,Captain Roop Singh Stadium,India won by 38 runs,223
189,190,14/11/1991,1991-1992 India v. South Africa,Jawaharlal Nehru Stadium (Delhi),South Africa won by 8 wickets,287
190,191,06/12/1991,1991-1992 Benson & Hedges World Series (v. West Indies),WACA Ground,Match Tied,126
191,192,08/12/1991,1991-1992 Benson & Hedges World Series (v. Australia),WACA Ground,India won by 107 runs,208
192,193,10/12/1991,1991-1992 Benson & Hedges World Series (v. Australia),Bellerive Oval,Australia won by 8 wickets,175
193,194,14/12/1991,1991-1992 Benson & Hedges World Series (v. West Indies),Adelaide Oval,India won by 10 runs,262
194,195,15/12/1991,1991-1992 Benson & Hedges World Series (v. Australia),Adelaide Oval,Australia won by 6 wickets,280
195,196,11/01/1992,1991-1992 Benson & Hedges World Series (v. West Indies),Brisbane Cricket Ground,West Indies won by 6 wickets,157
196,197,14/01/1992,1991-1992 Benson & Hedges World Series (v. Australia),Sydney Cricket Ground,Australia won by 9 wickets,191
197,198,16/01/1992,1991-1992 Benson & Hedges World Series (v. West Indies),Melbourne Cricket Ground,India won by 5 wickets,175
198,199,18/01/1992,1991-1992 Benson & Hedges World Series (v. Australia),Melbourne Cricket Ground,Australia won by 88 runs,233
199,200,20/01/1992,1991-1992 Benson & Hedges World Series (v. Australia),Sydney Cricket Ground,Australia won by 6 runs,208
200,201,22/02/1992,1991-1992 Benson & Hedges World Cup (v. England),WACA Ground,England won by 9 runs,236
201,202,28/02/1992,1991-1992 Benson & Hedges World Cup (v. Sri Lanka),Harrup Park,No Result,1
202,203,01/03/1992,1991-1992 Benson & Hedges World Cup (v. Australia),Brisbane Cricket Ground,Australia won by 1 run,237
203,204,04/03/1992,1991-1992 Benson & Hedges World Cup (v. Pakistan),Sydney Cricket Ground,India won by 43 runs,216
204,205,07/03/1992,1991-1992 Benson & Hedges World Cup (v. Zimbabwe),Seddon Park,India won by 55 runs,203
205,206,10/03/1992,1991-1992 Benson & Hedges World Cup (v. West Indies),Basin Reserve,West Indies won by 5 wickets,197
206,207,12/03/1992,1991-1992 Benson & Hedges World Cup (v. New Zealand),Carisbrook,New Zealand won by 4 wickets,230
207,208,15/03/1992,1991-1992 Benson & Hedges World Cup (v. South Africa),Adelaide Oval,South Africa won by 6 wickets,180
208,209,25/10/1992,1992-1993 Zimbabwe v. India,Harare Sports Club,India won by 30 runs,239
209,210,07/12/1992,1992-1993 South Africa v. India,Newlands,South Africa won by 6 wickets,184
210,211,09/12/1992,1992-1993 South Africa v. India,St George's Park,South Africa won by 6 wickets,147
211,212,11/12/1992,1992-1993 South Africa v. India,SuperSport Park,India won by 4 wickets,214
212,213,13/12/1992,1992-1993 South Africa v. India,Wanderers Stadium,South Africa won by 6 wickets,161
213,214,15/12/1992,1992-1993 South Africa v. India,Mangaung Oval,South Africa won by 8 wickets,207
214,215,17/12/1992,1992-1993 South Africa v. India,Kingsmead,South Africa won by 39 runs,216
215,216,19/12/1992,1992-1993 South Africa v. India,Buffalo Park,India won by 5 wickets,203
216,217,18/01/1993,1992-1993 India v. England,Sawai Mansingh Stadium,England won by 4 wickets,223
217,218,21/01/1993,1992-1993 India v. England,Sector 16 Stadium,India won by 5 wickets,198
218,219,26/02/1993,1992-1993 India v. England,M Chinnaswamy Stadium,England won by 48 runs,218
219,220,01/03/1993,1992-1993 India v. England,Keenan Stadium,England won by 6 wickets,137
220,221,04/03/1993,1992-1993 India v. England,Captain Roop Singh Stadium,India won by 3 wickets,256
221,222,05/03/1993,1992-1993 India v. England,Captain Roop Singh Stadium,India won by 4 wickets,265
222,223,19/03/1993,1992-1993 India v. Zimbabwe,Nahar Singh Stadium,India won by 67 runs,249
223,224,22/03/1993,1992-1993 India v. Zimbabwe,Nehru Stadium (Guwahati),India won by 7 wickets,149
224,225,25/03/1993,1992-1993 India v. Zimbabwe,Nehru Stadium (Pune),India won by 8 wickets,234
225,226,25/07/1993,1993-1994 Sri Lanka v. India,R Premadasa Stadium,India won by 1 run,212
226,227,12/08/1993,1993-1994 Sri Lanka v. India,R Premadasa Stadium,Sri Lanka won by 8 runs,204
227,228,14/08/1993,1993-1994 Sri Lanka v. India,Tyronne Fernando Stadium,Sri Lanka won by 4 wickets,227
228,229,07/11/1993,1993-1994 C.A.B. Jubilee Tournament (v. Sri Lanka),Green Park,India won by 7 wickets,203
229,230,16/11/1993,1993-1994 C.A.B. Jubilee Tournament (v. West Indies),Narendra Modi Stadium,West Indies won by 69 runs,202
230,231,18/11/1993,1993-1994 C.A.B. Jubilee Tournament (v. Zimbabwe),Nehru Stadium (Indore),Match Tied,248
231,232,22/11/1993,1993-1994 C.A.B. Jubilee Tournament (v. South Africa),Punjab Cricket Association IS Bindra Stadium,India won by 43 runs,221
232,233,24/11/1993,1993-1994 C.A.B. Jubilee Tournament (v. South Africa),Eden Gardens,India won by 2 runs,195
233,234,27/11/1993,1993-1994 C.A.B. Jubilee Tournament (v. West Indies),Eden Gardens,India won by 102 runs,225
234,235,15/02/1994,1993-1994 India v. Sri Lanka,Madhavrao Scindia Cricket Ground,India won by 8 runs,246
235,236,18/02/1994,1993-1994 India v. Sri Lanka,Lal Bahadur Shastri Stadium,India won by 7 wickets,226
236,237,20/02/1994,1993-1994 India v. Sri Lanka,Gandhi Stadium,Sri Lanka won by 4 wickets,213
237,238,25/03/1994,1993-1994 New Zealand v. India,McLean Park,New Zealand won by 28 runs,240
238,239,27/03/1994,1993-1994 New Zealand v. India,Eden Park,India won by 7 wickets,142
239,240,30/03/1994,1993-1994 New Zealand v. India,Basin Reserve,India won by 12 runs,255
240,241,02/04/1994,1993-1994 New Zealand v. India,AMI Stadium,New Zealand won by 6 wickets,222
241,242,13/04/1994,1993-1994 Pepsi Austral-Asia Cup (v. United Arab Emirates),Sharjah Cricket Stadium,India won by 71 runs,273
242,243,15/04/1994,1993-1994 Pepsi Austral-Asia Cup (v. Pakistan),Sharjah Cricket Stadium,Pakistan won by 6 wickets,219
243,244,19/04/1994,1993-1994 Pepsi Austral-Asia Cup (v. Australia),Sharjah Cricket Stadium,India won by 7 wickets,244
244,245,22/04/1994,1993-1994 Pepsi Austral-Asia Cup (v. Pakistan),Sharjah Cricket Stadium,Pakistan won by 39 runs,250
245,246,04/09/1994,1994-1995 Singer World Series (v. Sri Lanka),R Premadasa Stadium,No Result,16
246,247,05/09/1994,1994-1995 Singer World Series (v. Sri Lanka),R Premadasa Stadium,Sri Lanka won by 7 wickets,125
247,248,09/09/1994,1994-1995 Singer World Series (v. Australia),R Premadasa Stadium,India won by 31 runs,246
248,249,17/09/1994,1994-1995 Singer World Series (v. Sri Lanka),Sinhalese Sports Club Ground,India won by 6 wickets,98
249,250,17/10/1994,1994-1995 India v. West Indies,Nahar Singh Stadium,West Indies won by 96 runs,273
250,251,20/10/1994,1994-1995 India v. West Indies,Wankhede Stadium,India won by 8 runs,192
251,252,07/11/1994,1994-1995 India v. West Indies,Indira Priyadarshini Stadium,India won by 4 runs,260
252,253,09/11/1994,1994-1995 India v. West Indies,Barabati Stadium,India won by 8 wickets,251
253,254,11/11/1994,1994-1995 India v. West Indies,Sawai Mansingh Stadium,India won by 5 runs,259
254,255,23/10/1994,1994-1995 Wills World Series (v. West Indies),MA Chidambaram Stadium,India won by 4 wickets,221
255,256,28/10/1994,1994-1995 Wills World Series (v. New Zealand),Reliance Stadium,India won by 7 wickets,269
256,257,30/10/1994,1994-1995 Wills World Series (v. West Indies),Green Park,West Indies won by 46 runs,257
257,258,03/11/1994,1994-1995 Wills World Series (v. New Zealand),Arun Jaitley Stadium,India won by 107 runs,289
258,259,05/11/1994,1994-1995 Wills World Series (v. West Indies),Eden Gardens,India won by 72 runs,274
259,260,16/02/1995,1994-1995 New Zealand Centenary Tournament (v. New Zealand),McLean Park,New Zealand won by 4 wickets,160
260,261,18/02/1995,1994-1995 New Zealand Centenary Tournament (v. South Africa),Seddon Park,South Africa won by 14 runs,223
261,262,22/02/1995,1994-1995 New Zealand Centenary Tournament (v. Australia),Carisbrook,India won by 5 wickets,250
262,263,05/04/1995,1994-1995 Pepsi Asia Cup (v. Bangladesh),Sharjah Cricket Stadium,India won by 9 wickets,163
263,264,07/04/1995,1994-1995 Pepsi Asia Cup (v. Pakistan),Sharjah Cricket Stadium,Pakistan won by 97 runs,266
264,265,09/04/1995,1994-1995 Pepsi Asia Cup (v. Sri Lanka),Sharjah Cricket Stadium,India won by 8 wickets,202
265,266,14/04/1995,1994-1995 Pepsi Asia Cup (v. Sri Lanka),Sharjah Cricket Stadium,India won by 8 wickets,230
266,267,15/11/1995,1995-1996 India v. New Zealand,Keenan Stadium,New Zealand won by 8 wickets,236
267,268,18/11/1995,1995-1996 India v. New Zealand,Gandhi Sports Complex Ground,India won by 6 wickets,145
268,269,24/11/1995,1995-1996 India v. New Zealand,Nehru Stadium (Pune),India won by 5 wickets,235
269,270,26/11/1995,1995-1996 India v. New Zealand,Vidarbha Cricket Association Ground,New Zealand won by 99 runs,348
270,271,29/11/1995,1995-1996 India v. New Zealand,Brabourne Stadium,India won by 6 wickets,126
271,272,18/02/1996,1995-1996 Wills World Cup (v. Kenya),Barabati Stadium,India won by 7 wickets,199
272,273,21/02/1996,1995-1996 Wills World Cup (v. West Indies),Captain Roop Singh Stadium,India won by 5 wickets,173
273,274,27/02/1996,1995-1996 Wills World Cup (v. Australia),Wankhede Stadium,Australia won by 16 runs,258
274,275,02/03/1996,1995-1996 Wills World Cup (v. Sri Lanka),Arun Jaitley Stadium,Sri Lanka won by 6 wickets,273
275,276,06/03/1996,1995-1996 Wills World Cup (v. Zimbabwe),Green Park,India won by 40 runs,247
276,277,09/03/1996,1995-1996 Wills World Cup (v. Pakistan),M Chinnaswamy Stadium,India won by 39 runs,287
277,278,13/03/1996,1995-1996 Wills World Cup (v. Sri Lanka),Eden Gardens,Sri Lanka won by default,251
278,279,03/04/1996,1995-1996 Singer Cup (v. Sri Lanka),Padang Cricket Ground,India won by 12 runs,199
279,280,05/04/1996,1995-1996 Singer Cup (v. Pakistan),Padang Cricket Ground,Pakistan won by 8 wickets,226
280,281,12/04/1996,1995-1996 Pepsi Sharjah Cup (v. Pakistan),Sharjah Cricket Stadium,Pakistan won by 38 runs,271
281,282,14/04/1996,1995-1996 Pepsi Sharjah Cup (v. South Africa),Sharjah Cricket Stadium,South Africa won by 80 runs,288
282,283,15/04/1996,1995-1996 Pepsi Sharjah Cup (v. Pakistan),Sharjah Cricket Stadium,India won by 28 runs,305
283,284,17/04/1996,1995-1996 Pepsi Sharjah Cup (v. South Africa),Sharjah Cricket Stadium,South Africa won by 5 wickets,215
284,285,19/04/1996,1995-1996 Pepsi Sharjah Cup (v. South Africa),Sharjah Cricket Stadium,South Africa won by 38 runs,287
285,286,23/05/1996,1996 Texaco Trophy (v. England),Kennington Oval,No Result,291
286,287,25/05/1996,1996 Texaco Trophy (v. England),Headingley,England won by 6 wickets,158
287,288,26/05/1996,1996 Texaco Trophy (v. England),Old Trafford,England won by 4 wickets,236
288,289,28/08/1996,1996-1997 Singer World Series Cup (v. Sri Lanka),R Premadasa Stadium,Sri Lanka won by 9 wickets,226
289,290,01/09/1996,1996-1997 Singer World Series Cup (v. Zimbabwe),Sinhalese Sports Club Ground,India won by 7 wickets,226
290,291,06/09/1996,1996-1997 Singer World Series Cup (v. Australia),Sinhalese Sports Club Ground,Australia won by 3 wickets,201
291,292,16/09/1996,1996-1997 Sahara 'Friendship' Cup (v. Pakistan),"Cricket, Skating & Curling Club",India won by 8 wickets,170
292,293,17/09/1996,1996-1997 Sahara 'Friendship' Cup (v. Pakistan),"Cricket, Skating & Curling Club",Pakistan won by 2 wickets,264
293,294,18/09/1996,1996-1997 Sahara 'Friendship' Cup (v. Pakistan),"Cricket, Skating & Curling Club",India won by 55 runs,191
294,295,21/09/1996,1996-1997 Sahara 'Friendship' Cup (v. Pakistan),"Cricket, Skating & Curling Club",Pakistan won by 97 runs,258
295,296,23/09/1996,1996-1997 Sahara 'Friendship' Cup (v. Pakistan),"Cricket, Skating & Curling Club",Pakistan won by 52 runs,213
296,297,17/10/1996,1996-1997 India v. South Africa,Lal Bahadur Shastri Stadium,South Africa won by 47 runs,261
297,298,21/10/1996,1996-1997 India v. Australia,M Chinnaswamy Stadium,India won by 2 wickets,215
298,299,23/10/1996,1996-1997 India v. South Africa,Sawai Mansingh Stadium,South Africa won by 27 runs,185
299,300,29/10/1996,1996-1997 India v. South Africa,Madhavrao Scindia Cricket Ground,South Africa won by 5 wickets,289
300,301,03/11/1996,1996-1997 India v. Australia,Punjab Cricket Association IS Bindra Stadium,India won by 5 runs,220
301,302,06/11/1996,1996-1997 India v. South Africa,Wankhede Stadium,India won by 35 runs,270
302,303,14/12/1996,1996-1997 Mohinder Amarnath Benefit Match (v. South Africa),Wankhede Stadium,India won by 74 runs,267
303,304,23/01/1997,1996-1997 Standard Bank International Series (v. South Africa),Mangaung Oval,South Africa won by 6 wickets,270
304,305,27/01/1997,1996-1997 Standard Bank International Series (v. Zimbabwe),Boland Park,Match Tied,236
305,306,02/02/1997,1996-1997 Standard Bank International Series (v. South Africa),St George's Park,South Africa won by 6 wickets,179
306,307,04/02/1997,1996-1997 Standard Bank International Series (v. South Africa),Buffalo Park,South Africa won by 6 wickets,232
307,308,07/02/1997,1996-1997 Standard Bank International Series (v. Zimbabwe),SuperSport Park,Zimbabwe won by 3 wickets,216
308,309,09/02/1997,1996-1997 Standard Bank International Series (v. Zimbabwe),Willowmoore Park,India won by 6 wickets,240
309,310,12/02/1997,1996-1997 Standard Bank International Series (v. South Africa),Kingsmead,No Result,191
310,311,13/02/1997,1996-1997 Standard Bank International Series (v. South Africa),Kingsmead,South Africa won by 17 runs,278
311,312,15/02/1997,1996-1997 Zimbabwe v. India,Queens Sports Club,Zimbabwe won by 8 wickets,168
312,313,26/04/1997,1997-1998 West Indies v. India,Queen's Park Oval,West Indies won by 8 wickets,179
313,314,27/04/1997,1997-1998 West Indies v. India,Queen's Park Oval,India won by 10 wickets,121
314,315,30/04/1997,1997-1998 West Indies v. India,Arnos Vale Ground,West Indies won by 18 runs,249
315,316,03/05/1997,1997-1998 West Indies v. India,Kensington Oval,West Indies won by  10 wickets,199
316,317,14/05/1997,1996-1997 Pepsi Independence Cup (v. New Zealand),M Chinnaswamy Stadium,India won by 8 wickets,220
317,318,17/05/1997,1996-1997 Pepsi Independence Cup (v. Sri Lanka),Wankhede Stadium,Sri Lanka won by 5 wickets,225
318,319,21/05/1997,1996-1997 Pepsi Independence Cup (v. Pakistan),MA Chidambaram Stadium,Pakistan won by 35 runs,327
319,320,18/07/1997,1997-1998 Pepsi Asia Cup (v. Sri Lanka),R Premadasa Stadium,Sri Lanka won by 6 wickets,227
320,321,20/07/1997,1997-1998 Pepsi Asia Cup (v. Pakistan),Sinhalese Sports Club Ground,No Result,222
321,322,24/07/1997,1997-1998 Pepsi Asia Cup (v. Bangladesh),Sinhalese Sports Club Ground,India won by 9 wickets,130
322,323,26/07/1997,1997-1998 Pepsi Asia Cup (v. Sri Lanka),R Premadasa Stadium,Sri Lanka won by 8 wickets,239
323,324,17/08/1997,1997-1998 Sri Lanka v. India,R Premadasa Stadium,Sri Lanka won by 2 runs,302
324,325,20/08/1997,1997-1998 Sri Lanka v. India,R Premadasa Stadium,Sri Lanka won by 7 wickets,238
325,326,23/08/1997,1997-1998 Sri Lanka v. India,Sinhalese Sports Club Ground,No Result,291
326,327,24/08/1997,1997-1998 Sri Lanka v. India,Sinhalese Sports Club Ground,Sri Lanka won by 9 runs,264
327,328,13/09/1997,1997-1998 Sahara 'Friendship' Cup (v. Pakistan),"Cricket, Skating & Curling Club",India won by 20 runs,208
328,329,14/09/1997,1997-1998 Sahara 'Friendship' Cup (v. Pakistan),"Cricket, Skating & Curling Club",India won by 7 wickets,116
329,330,17/09/1997,1997-1998 Sahara 'Friendship' Cup (v. Pakistan),"Cricket, Skating & Curling Club",No Result,169
330,331,18/09/1997,1997-1998 Sahara 'Friendship' Cup (v. Pakistan),"Cricket, Skating & Curling Club",India won by 34 runs,182
331,332,20/09/1997,1997-1998 Sahara 'Friendship' Cup (v. Pakistan),"Cricket, Skating & Curling Club",India won by 7 wickets,159
332,333,21/09/1997,1997-1998 Sahara 'Friendship' Cup (v. Pakistan),"Cricket, Skating & Curling Club",Pakistan won by 5 wickets,250
333,334,28/09/1997,1997-1998 Pakistan v. India,Niaz Stadium,Pakistan won by 5 wickets,170
334,335,30/09/1997,1997-1998 Pakistan v. India,National Stadium (Karachi),India won by 4 wickets,265
335,336,02/10/1997,1997-1998 Pakistan v. India,Gaddafi Stadium,Pakistan won by 9 wickets,216
336,337,11/12/1997,1997-1998 Akai-Singer Champions Trophy (v. England),Sharjah Cricket Stadium,England won by 7 runs,250
337,338,14/12/1997,1997-1998 Akai-Singer Champions Trophy (v. Pakistan),Sharjah Cricket Stadium,Pakistan won by 4 wickets,239
338,339,16/12/1997,1997-1998 Akai-Singer Champions Trophy (v. West Indies),Sharjah Cricket Stadium,West Indies won by 41 runs,229
339,340,22/12/1997,1997-1998 India v. Sri Lanka,Nehru Stadium (Guwahati),India won by 7 wickets,172
340,341,25/12/1997,1997-1998 India v. Sri Lanka,Nehru Stadium (Indore),No Result,26
341,342,28/12/1997,1997-1998 India v. Sri Lanka,Nehru Stadium (Margao),Sri Lanka won by 5 wickets,228
342,343,10/01/1998,1997-1998 Silver Jubilee Independence Cup (v. Bangladesh),Bangabandhu National Stadium,India won by 4 wickets,190
343,344,11/01/1998,1997-1998 Silver Jubilee Independence Cup (v. Pakistan),Bangabandhu National Stadium,India won by 18 runs,245
344,345,14/01/1998,1997-1998 Silver Jubilee Independence Cup (v. Pakistan),Bangabandhu National Stadium,India won by 8 wickets,212
345,346,16/01/1998,1997-1998 Silver Jubilee Independence Cup (v. Pakistan),Bangabandhu National Stadium,Pakistan won by 6 wickets,189
346,347,18/01/1998,1997-1998 Silver Jubilee Independence Cup (v. Pakistan),Bangabandhu National Stadium,India won by 3 wickets,314
347,348,01/04/1998,1997-1998 Pepsi Triangular Series (v. Australia),Nehru Stadium (Kochi),India won by 41 runs,309
348,349,05/04/1998,1997-1998 Pepsi Triangular Series (v. Zimbabwe),Reliance Stadium,India won by 13 runs,274
349,350,07/04/1998,1997-1998 Pepsi Triangular Series (v. Australia),Green Park,India won by 6 wickets,222
350,351,09/04/1998,1997-1998 Pepsi Triangular Series (v. Zimbabwe),Barabati Stadium,India won by 32 runs,301
351,352,14/04/1998,1997-1998 Pepsi Triangular Series (v. Australia),Arun Jaitley Stadium,Australia won by 4 wickets,227
352,353,17/04/1998,1997-1998 Coca-Cola Cup (v. New Zealand),Sharjah Cricket Stadium,India won by 15 runs,220
353,354,19/04/1998,1997-1998 Coca-Cola Cup (v. Australia),Sharjah Cricket Stadium,Australia won by 58 runs,264
354,355,20/04/1998,1997-1998 Coca-Cola Cup (v. New Zealand),Sharjah Cricket Stadium,New Zealand won by 4 wickets,181
355,356,22/04/1998,1997-1998 Coca-Cola Cup (v. Australia),Sharjah Cricket Stadium,Australia won by 26 runs,284
356,357,24/04/1998,1997-1998 Coca-Cola Cup (v. Australia),Sharjah Cricket Stadium,India won by 6 wickets,272
357,358,14/05/1998,1997-1998 Coca-Cola Triangular Series (v. Bangladesh),Punjab Cricket Association IS Bindra Stadium,India won by 5 wickets,184
358,359,20/05/1998,1997-1998 Coca-Cola Triangular Series (v. Kenya),M Chinnaswamy Stadium,India won by 4 wickets,223
359,360,25/05/1998,1997-1998 Coca-Cola Triangular Series (v. Bangladesh),Wankhede Stadium,India won by 5 wickets,115
360,361,28/05/1998,1997-1998 Coca-Cola Triangular Series (v. Kenya),Captain Roop Singh Stadium,Kenya won by 69 runs,265
361,362,31/05/1998,1997-1998 Coca-Cola Triangular Series (v. Kenya),Eden Gardens,India won by 9 wickets,196
362,363,19/06/1998,1997-1998 Singer-Akai Nidahas Trophy (v. Sri Lanka),R Premadasa Stadium,India won by 8 wickets,243
363,364,23/06/1998,1997-1998 Singer-Akai Nidahas Trophy (v. New Zealand),R Premadasa Stadium,No Result,219
364,365,01/07/1998,1997-1998 Singer-Akai Nidahas Trophy (v. Sri Lanka),Sinhalese Sports Club Ground,Sri Lanka won by 8 runs,171
365,366,03/07/1998,1997-1998 Singer-Akai Nidahas Trophy (v. New Zealand),Sinhalese Sports Club Ground,No Result,128
366,367,07/07/1998,1997-1998 Singer-Akai Nidahas Trophy (v. Sri Lanka),R Premadasa Stadium,India won by 6 runs,307
367,368,12/09/1998,1998-1999 Sahara 'Friendship' Cup (v. Pakistan),"Cricket, Skating & Curling Club",India won by 6 wickets,189
368,369,13/09/1998,1998-1999 Sahara 'Friendship' Cup (v. Pakistan),"Cricket, Skating & Curling Club",Pakistan won by 51 runs,246
369,370,16/09/1998,1998-1999 Sahara 'Friendship' Cup (v. Pakistan),"Cricket, Skating & Curling Club",Pakistan won by 77 runs,257
370,371,19/09/1998,1998-1999 Sahara 'Friendship' Cup (v. Pakistan),"Cricket, Skating & Curling Club",Pakistan won by 134 runs,316
371,372,20/09/1998,1998-1999 Sahara 'Friendship' Cup (v. Pakistan),"Cricket, Skating & Curling Club",Pakistan won by 5 wickets,256
372,373,26/09/1998,1998-1999 Zimbabwe v. India,Queens Sports Club,India won by 8 wickets,213
373,374,27/09/1998,1998-1999 Zimbabwe v. India,Queens Sports Club,India won by 8 wickets,235
374,375,30/09/1998,1998-1999 Zimbabwe v. India,Harare Sports Club,Zimbabwe won by 37 runs,259
375,376,28/10/1998,1998-1999 Wills International Cup (v. Australia),Bangabandhu National Stadium,India won by 44 runs,307
376,377,31/10/1998,1998-1999 Wills International Cup (v. West Indies),Bangabandhu National Stadium,West Indies won by 6 wickets,242
377,378,06/11/1998,1998-1999 Coca-Cola Champions Trophy (v. Sri Lanka),Sharjah Cricket Stadium,India won by 3 wickets,245
378,379,08/11/1998,1998-1999 Coca-Cola Champions Trophy (v. Zimbabwe),Sharjah Cricket Stadium,India won by 7 wickets,197
379,380,09/11/1998,1998-1999 Coca-Cola Champions Trophy (v. Sri Lanka),Sharjah Cricket Stadium,India won by 81 runs,179
380,381,11/11/1998,1998-1999 Coca-Cola Champions Trophy (v. Zimbabwe),Sharjah Cricket Stadium,Zimbabwe won by 13 runs,205
381,382,13/11/1998,1998-1999 Coca-Cola Champions Trophy (v. Zimbabwe),Sharjah Cricket Stadium,India won by 10 wickets,196
382,383,09/01/1999,1998-1999 New Zealand v. India,Owen Delany Park,New Zealand won by 5 wickets,257
383,384,12/01/1999,1998-1999 New Zealand v. India,McLean Park,India won by 2 wickets,213
384,385,14/01/1999,1998-1999 New Zealand v. India,Basin Reserve,No Result,208
385,386,16/01/1999,1998-1999 New Zealand v. India,Eden Park,India won by 5 wickets,207
386,387,19/01/1999,1998-1999 New Zealand v. India,AMI Stadium,New Zealand won by 70 runs,300
387,388,22/03/1999,1998-1999 India v. Sri Lanka,Vidarbha Cricket Association Ground,India won by 80 runs,287
388,389,24/03/1999,1998-1999 India v. Pakistan,Sawai Mansingh Stadium,Pakistan won by 143 runs,278
389,390,30/03/1999,1998-1999 India v. Sri Lanka,Nehru Stadium (Pune),India won by 51 runs,286
390,391,01/04/1999,1998-1999 India v. Pakistan,Punjab Cricket Association IS Bindra Stadium,Pakistan won by 7 wickets,196
391,392,04/04/1999,1998-1999 India v. Pakistan,M Chinnaswamy Stadium,Pakistan won by 123 runs,291
392,393,08/04/1999,1998-1999 Coca-Cola Cup (v. Pakistan),Sharjah Cricket Stadium,Pakistan won by 116 runs,279
393,394,09/04/1999,1998-1999 Coca-Cola Cup (v. England),Sharjah Cricket Stadium,India won by 20 runs,222
394,395,11/04/1999,1998-1999 Coca-Cola Cup (v. England),Sharjah Cricket Stadium,India won by 9 runs,239
395,396,13/04/1999,1998-1999 Coca-Cola Cup (v. Pakistan),Sharjah Cricket Stadium,India won by 6 wickets,205
396,397,16/04/1999,1998-1999 Coca-Cola Cup (v. Pakistan),Sharjah Cricket Stadium,Pakistan won by 8 wickets,125
397,398,15/05/1999,1999 ICC World Cup (v. South Africa),County Ground (Hove),South Africa won by 4 wickets,253
398,399,19/05/1999,1999 ICC World Cup (v. Zimbabwe),Grace Road,Zimbabwe won by 3 runs,252
399,400,23/05/1999,1999 ICC World Cup (v. Kenya),County Ground (Bristol),India won by 94 runs,329
400,401,26/05/1999,1999 ICC World Cup (v. Sri Lanka),The Cooper Associates County Ground,India won by 157 runs,373
401,402,29/05/1999,1999 ICC World Cup (v. England),Edgbaston,India won by 63 runs,232
402,403,04/06/1999,1999 ICC World Cup (v. Australia),Kennington Oval,Australia won by 77 runs,282
403,404,08/06/1999,1999 ICC World Cup (v. Pakistan),Old Trafford,India won by 47 runs,227
404,405,12/06/1999,1999 ICC World Cup (v. New Zealand),Trent Bridge,New Zealand won by 5 wickets,252
405,406,23/08/1999,1999-2000 Aiwa Cup (v. Australia),Galle International Stadium,Australia won by 8 wickets,151
406,407,25/08/1999,1999-2000 Aiwa Cup (v. Sri Lanka),R Premadasa Stadium,Sri Lanka won by 7 wickets,205
407,408,28/08/1999,1999-2000 Aiwa Cup (v. Australia),Sinhalese Sports Club Ground,Australia won by 41 runs,252
408,409,29/08/1999,1999-2000 Aiwa Cup (v. Sri Lanka),Sinhalese Sports Club Ground,India won by 23 runs,296
409,410,04/09/1999,1999-2000 Coca-Cola Singapore Challenge (v. Zimbabwe),Kallang Ground,India won by 115 runs,245
410,411,05/09/1999,1999-2000 Coca-Cola Singapore Challenge (v. West Indies),Kallang Ground,West Indies won by 42 runs,196
411,412,07/09/1999,1999-2000 Coca-Cola Singapore Challenge (v. West Indies),Kallang Ground,No Result,149
412,413,08/09/1999,1999-2000 Coca-Cola Singapore Challenge (v. West Indies),Kallang Ground,West Indies won by 4 wickets,254
413,414,11/09/1999,1999-2000 DMC Cup (v. West Indies),"Cricket, Skating & Curling Club",India won by 8 wickets,163
414,415,12/09/1999,1999-2000 DMC Cup (v. West Indies),"Cricket, Skating & Curling Club",West Indies won by 70 runs,190
415,416,14/09/1999,1999-2000 DMC Cup (v. West Indies),"Cricket, Skating & Curling Club",India won by 88 runs,225
416,417,26/09/1999,1999-2000 LG Cup (v. South Africa),Gymkhana Club Ground,India won by 8 wickets,117
417,418,29/09/1999,1999-2000 LG Cup (v. Kenya),Gymkhana Club Ground,India won by 58 runs,220
418,419,01/10/1999,1999-2000 LG Cup (v. Zimbabwe),Gymkhana Club Ground,India won by 107 runs,277
419,420,03/10/1999,1999-2000 LG Cup (v. South Africa),Gymkhana Club Ground,South Africa won by 26 runs,235
420,421,05/11/1999,1999-2000 India v. New Zealand,Madhavrao Scindia Cricket Ground,New Zealand won by 43 runs,349
421,422,08/11/1999,1999-2000 India v. New Zealand,Lal Bahadur Shastri Stadium,India won by 174 runs,376
422,423,11/11/1999,1999-2000 India v. New Zealand,Captain Roop Singh Stadium,India won by 14 runs,261
423,424,14/11/1999,1999-2000 India v. New Zealand,Nehru Stadium (Guwahati),New Zealand won by 48 runs,236
424,425,17/11/1999,1999-2000 India v. New Zealand,Arun Jaitley Stadium,India won by 7 wickets,179
425,426,10/01/2000,1999-2000 Carlton & United Series (v. Pakistan),Brisbane Cricket Ground,Pakistan won by 2 wickets,195
426,427,12/01/2000,1999-2000 Carlton & United Series (v. Australia),Melbourne Cricket Ground,Australia won by 28 runs,269
427,428,14/01/2000,1999-2000 Carlton & United Series (v. Australia),Sydney Cricket Ground,Australia won by 5 wickets,100
428,429,21/01/2000,1999-2000 Carlton & United Series (v. Pakistan),Bellerive Oval,Pakistan won by 32 runs,262
429,430,25/01/2000,1999-2000 Carlton & United Series (v. Pakistan),Adelaide Oval,India won by 48 runs,267
430,431,26/01/2000,1999-2000 Carlton & United Series (v. Australia),Adelaide Oval,Australia won by 152 runs,329
431,432,28/01/2000,1999-2000 Carlton & United Series (v. Pakistan),WACA Ground,Pakistan won by 104 runs,261
432,433,30/01/2000,1999-2000 Carlton & United Series (v. Australia),WACA Ground,Australia won by 4 wickets,226
433,434,09/03/2000,1999-2000 India v. South Africa,Nehru Stadium (Kochi),India won by 3 wickets,301
434,435,12/03/2000,1999-2000 India v. South Africa,Keenan Stadium,India won by 6 wickets,199
435,436,15/03/2000,1999-2000 India v. South Africa,Nahar Singh Stadium,South Africa won by 2 wickets,248
436,437,17/03/2000,1999-2000 India v. South Africa,Reliance Stadium,India won by 4 wickets,282
437,438,19/03/2000,1999-2000 India v. South Africa,Vidarbha Cricket Association Ground,South Africa won by 10 runs,320
438,439,22/03/2000,1999-2000 Coca-Cola Cup (v. South Africa),Sharjah Cricket Stadium,South Africa won by 10 wickets,164
439,440,23/03/2000,1999-2000 Coca-Cola Cup (v. Pakistan),Sharjah Cricket Stadium,India won by 5 wickets,146
440,441,26/03/2000,1999-2000 Coca-Cola Cup (v. Pakistan),Sharjah Cricket Stadium,Pakistan won by 98 runs,272
441,442,27/03/2000,1999-2000 Coca-Cola Cup (v. South Africa),Sharjah Cricket Stadium,South Africa won by 6 wickets,164
442,443,30/05/2000,1999-2000 Asia Cup (v. Bangladesh),Bangabandhu National Stadium,India won by 8 wickets,249
443,444,01/06/2000,1999-2000 Asia Cup (v. Sri Lanka),Bangabandhu National Stadium,Sri Lanka won by 71 runs,276
444,445,03/06/2000,1999-2000 Asia Cup (v. Pakistan),Bangabandhu National Stadium,Pakistan won by 44 runs,295
